file_name,label
1.jpeg,keyboard
10.jpeg,keyboard
11.jpeg,keyboard
12.jpeg,keyboard
13.jpeg,keyboard
14.jpeg,keyboard
15.jpeg,keyboard
151.jpeg,laptop
152.jpeg,laptop
153.jpg,laptop
154.jpg,laptop
155.jpg,laptop
156.jpg,laptop
157.jpg,laptop
158.jpg,laptop
159.jpg,laptop
16.jpeg,keyboard
160.jpg,laptop
161.jpg,laptop
162.jpg,laptop
163.jpg,laptop
164.jpeg,laptop
165.jpg,laptop
166.jpeg,laptop
167.jpg,laptop
168.jpeg,laptop
169.jpg,laptop
17.jpeg,keyboard
170.jpeg,laptop
171.jpg,laptop
172.jpeg,laptop
173.jpg,laptop
174.jpeg,laptop
175.jpg,laptop
176.jpeg,laptop
177.jpg,laptop
178.jpeg,laptop
179.jpg,laptop
18.jpeg,keyboard
180.jpg,laptop
181.jpeg,laptop
182.jpeg,laptop
183.jpeg,laptop
184.jpeg,laptop
185.jpeg,laptop
186.jpeg,laptop
187.jpeg,laptop
188.jpeg,laptop
189.jpeg,laptop
19.jpeg,keyboard
190.jpeg,laptop
191.jpeg,laptop
192.jpeg,laptop
193.jpeg,laptop
194.jpeg,laptop
195.jpeg,laptop
196.jpeg,laptop
197.jpeg,laptop
198.jpeg,laptop
199.jpeg,laptop
2.jpeg,keyboard
20.jpeg,keyboard
200.jpeg,laptop
202.jpeg,laptop
203.jpeg,laptop
204.jpeg,laptop
205.jpeg,laptop
206.jpeg,laptop
207.jpeg,laptop
208.jpeg,laptop
209.jpeg,laptop
21.jpeg,keyboard
210.jpg,laptop
211.jpg,laptop
212.jpeg,laptop
213.jpeg,laptop
214.jpeg,laptop
215.jpeg,laptop
216.jpeg,laptop
217.jpeg,laptop
22.jpeg,keyboard
23.jpeg,keyboard
230.jpeg,laptop
231.jpeg,laptop
232.jpeg,laptop
233.jpeg,laptop
235.jpeg,laptop
236.jpeg,laptop
237.jpeg,laptop
238.jpeg,laptop
239.jpeg,laptop
24.jpeg,keyboard
240.jpeg,laptop
241.jpeg,laptop
242.jpeg,laptop
243.jpeg,laptop
244.jpg,laptop
245.jpg,laptop
246.jpg,laptop
247.jpg,laptop
248.jpg,laptop
249.jpg,laptop
25.jpeg,keyboard
250.jpeg,laptop laptop
251.jpeg,laptop
252.jpeg,laptop
253.jpeg,laptop
254.jpeg,laptop
255.jpeg,laptop
256.jpeg,laptop
257.jpeg,laptop
258.jpeg,laptop
259.jpeg,laptop
26.jpeg,keyboard
261.jpeg,laptop
262.jpeg,laptop
263.jpeg,laptop
264.jpeg,laptop
265.jpeg,laptop
266.jpeg,laptop
267.jpeg,laptop
268.jpeg,laptop
269.jpeg,laptop
27.jpeg,keyboard
28.jpeg,keyboard
29.jpeg,keyboard
3.jpeg,keyboard
30.jpeg,keyboard
301.jpeg,mouse mobile
302.jpeg,laptop mouse
303.jpeg,laptop mouse
304.jpeg,mobile laptop
305.jpg,keyboard mouse mouse
306.jpg,mouse laptop
307.jpg,mouse laptop
308.jpeg,keyboard mouse
309.jpeg,mouse keyboard
31.jpeg,keyboard
310.jpeg,keyboard mouse
311.jpeg,mouse mouse keyboard keyboard monitor monitor
313.jpeg,laptop mobile
314.jpeg,monitor keyboard
315.jpeg,keyboard mouse
316.jpeg,monitor keyboard mouse
317.jpeg,monitor keyboard mouse
318.jpeg,mouse keyboard monitor
319.jpeg,keyboard mouse
32.jpeg,keyboard
320.jpeg,monitor keyboard
321.jpeg,mouse monitor
322.jpeg,mouse monitor
323.jpeg,monitor mouse
324.jpeg,keyboard mouse
325.jpeg,mouse keyboard monitor
326.jpeg,keyboard monitor
327.jpeg,keyboard mouse
328.jpeg,mouse mouse keyboard keyboard monitor monitor
329.jpeg,keyboard keyboard mouse monitor
33.jpeg,keyboard
330.jpeg,keyboard mouse
331.jpeg,monitor keyboard
332.jpeg,mouse keyboard
333.jpeg,mouse mouse monitor
334.jpeg,monitor keyboard mouse
335.jpeg,mouse keyboard
336.jpeg,keyboard mouse monitor
337.jpeg,monitor keyboard mouse
338.jpeg,keyboard monitor
339.jpeg,monitor keyboard mouse
34.jpeg,keyboard
340.jpeg,mouse mouse keyboard
341.jpeg,keyboard mouse mouse monitor
342.jpeg,monitor keyboard
343.jpeg,keyboard keyboard mouse mouse monitor monitor
344.jpeg,monitor keyboard
345.jpeg,keyboard mouse monitor
346.jpeg,keyboard mouse
35.jpeg,keyboard
4.jpeg,keyboard
451.jpeg,mobile
452.jpeg,mobile
453.jpeg,mobile mobile
454.jpeg,mobile
455.jpeg,mobile
456.jpeg,mobile
457.jpeg,mobile
458.jpeg,mobile
459.jpeg,mobile
460.jpeg,mobile
461.jpeg,mobile
462.jpeg,mobile
463.jpeg,mobile mobile
464.jpeg,mobile
465.jpeg,mobile mobile
466.jpeg,mobile
467.jpeg,mobile
468.jpeg,mobile
469.jpeg,mobile
470.jpeg,mobile
471.jpeg,mobile
472.jpeg,mobile
473.jpg,mobile
474.jpg,mobile
475.jpg,mobile
476.jpg,mobile
477.jpg,mobile
478.jpg,mobile
479.jpg,mobile
480.jpg,mobile
481.jpg,mobile
482.jpg,mobile
483.jpg,mobile
484.jpg,mobile
485.jpg,mobile
486.jpg,mobile
487.jpeg,mobile
488.jpeg,mobile
489.jpeg,mobile
490.jpeg,mobile
491.jpeg,mobile
492.jpeg,mobile
493.jpeg,mobile
494.jpeg,mobile
495.jpeg,mobile
496.jpeg,mobile
497.jpeg,mobile
498.jpeg,mobile
499.jpeg,mobile
5.jpg,keyboard keyboard
500.jpeg,mobile
501.jpeg,mobile laptop
502.jpeg,mobile
503.jpeg,mobile
504.jpeg,mobile
505.jpeg,mobile
506.jpeg,mobile
507.jpeg,mobile
508.jpeg,mobile
509.jpeg,mobile
510.jpeg,mobile
511.jpeg,mobile
512.jpeg,mobile
513.jpg,mobile
514.jpg,mobile
515.jpg,mobile
516.jpg,mobile
517.jpg,mobile
518.jpg,mobile
519.jpeg,mobile
520.jpeg,mobile
521.jpeg,mobile
522.jpeg,mobile
523.jpeg,mobile
524.jpeg,mobile
525.jpeg,mobile
526.jpeg,mobile
527.jpeg,mobile
528.jpeg,mobile
530.jpeg,mobile
531.jpeg,mobile
532.jpeg,mobile
533.jpeg,mobile
534.jpeg,mobile
535.jpeg,mobile
536.jpeg,mobile
537.jpeg,mobile
538.jpeg,mobile
539.jpeg,mobile
540.jpeg,mobile
541.jpeg,mobile
542.jpeg,mobile
543.jpeg,mobile
544.jpeg,mobile
545.jpeg,mobile mobile
546.jpeg,mobile
547.jpeg,mobile
548.jpeg,mobile
549.jpeg,mobile
550.jpg,mobile
551.jpg,mobile
552.jpg,mobile
553.jpg,mobile
554.jpg,mobile
555.jpg,mobile
556.jpg,mobile
557.jpg,mobile
558.jpg,mobile
559.jpg,mobile
560.jpg,mobile
561.jpg,mobile
562.jpg,mobile
563.jpg,mobile
564.jpg,mobile
565.jpg,mobile
566.jpg,mobile
567.jpg,mobile
568.jpg,mobile
569.jpg,mobile
570.jpg,mobile
571.jpg,mobile
572.jpg,mobile
573.jpg,mobile
574.jpeg,mobile
575.jpeg,mobile
576.jpeg,mobile
577.jpeg,mobile
578.jpeg,mobile
579.jpeg,mobile
580.jpeg,mobile
581.jpeg,mobile mobile
582.jpeg,mobile
583.jpeg,mobile
584.jpeg,mobile
585.jpeg,mobile
586.jpeg,mobile
587.jpeg,mobile
588.jpeg,mobile
589.jpeg,mobile
590.jpeg,mobile
591.jpeg,mobile
592.jpeg,mobile
593.jpeg,mobile
594.jpeg,mobile
595.jpeg,mobile
596.jpeg,mobile
597.jpeg,mobile
598.jpeg,mobile
599.jpeg,mobile
6.jpeg,keyboard
600.jpeg,mobile
601.jpeg,mobile
602.jpeg,mobile
603.jpeg,mobile
604.jpeg,monitor
605.jpeg,monitor
606.jpeg,monitor
607.jpeg,monitor
608.jpeg,monitor monitor monitor
609.jpeg,monitor
610.jpeg,monitor
611.jpeg,monitor
612.jpeg,monitor
613.jpeg,monitor
614.jpg,monitor
615.jpg,monitor
616.jpeg,monitor
617.jpeg,monitor
618.jpeg,monitor
619.jpeg,monitor
620.jpeg,monitor
621.jpeg,monitor
622.jpeg,monitor
623.jpeg,monitor
624.jpeg,monitor
625.jpeg,monitor
626.jpeg,monitor
627(1).jpeg,monitor
627.jpeg,monitor
628(1).jpeg,monitor
628.jpeg,monitor
629(1).jpeg,monitor
629.jpeg,monitor
630(1).jpeg,monitor
630.jpeg,monitor
631.jpeg,monitor
632.jpeg,monitor
633.jpeg,monitor
634.jpeg,monitor monitor
635(1).jpeg,monitor
635.jpeg,monitor
636.jpeg,monitor
637.jpeg,monitor
7.jpeg,keyboard
751.jpeg,mouse
752.jpeg,mouse
753.jpg,mouse
754.jpeg,mouse
755.jpg,mouse
756.jpg,mouse
757.jpg,mouse
758.jpg,mouse
759.jpg,mouse
760.jpeg,mouse
761.jpeg,mouse
762.jpeg,mouse
763.jpeg,mouse
764.jpeg,mouse
765.jpeg,mouse
766.jpeg,mouse
767.jpeg,mouse
768.jpeg,mouse
769.jpg,mouse
770.jpeg,mouse
771.jpeg,mouse
772.jpeg,mouse
773.jpeg,mouse
774.jpeg,mouse
775.jpeg,mouse
776.jpeg,mouse
777.jpeg,mouse
778.jpeg,mouse
779.jpeg,mouse
780.jpeg,mouse
781.jpeg,mouse
782.jpeg,mouse
783.jpeg,mouse
784.jpeg,mouse mouse
785.jpeg,mouse
786.jpeg,mouse
787.jpeg,mouse
788.jpeg,mouse
789.jpg,mouse
790.jpg,mouse
791.jpg,mouse
792.jpeg,mouse mouse
793.jpeg,mouse
794.jpeg,mouse
795.jpeg,mouse
796.jpeg,mouse
797.jpeg,mouse
798.jpeg,mouse mouse
799.jpeg,mouse
8.jpeg,keyboard
800.jpeg,mouse
801.jpeg,mouse
802.jpeg,mouse
803.jpeg,mouse
807.jpeg,mouse
808.jpeg,mouse
809.jpeg,mouse
810.jpeg,mouse
811.jpeg,mouse
812.jpeg,mouse
813.jpeg,mouse
814.jpeg,mouse
815.jpeg,mouse
816.jpeg,mouse
9.jpg,keyboard
901.jpeg,monitor
902.jpeg,monitor
903.jpeg,monitor
abc.jpg,laptop
Copy of IMG_20200328_131938.jpg,mouse
Copy of IMG_20200328_131942.jpg,mouse
Copy of IMG_20200328_131944.jpg,mouse
Copy of IMG_20200328_131952.jpg,mouse
Copy of IMG_20200328_131958.jpg,mouse
Copy of IMG_20200328_132000.jpg,mouse
Copy of IMG_20200328_132038.jpg,laptop
Copy of IMG_20200328_132051.jpg,laptop
Copy of IMG_20200328_132109.jpg,laptop
Copy of IMG_20200328_132116.jpg,laptop
Copy of IMG_20200328_132119.jpg,mouse laptop
Copy of IMG_20200328_132120.jpg,laptop mouse
Copy of IMG_20200328_132124.jpg,laptop
Copy of IMG_20200328_132129.jpg,laptop
Copy of IMG_20200328_132131.jpg,mouse laptop
Copy of IMG_20200328_132135.jpg,laptop
Copy of IMG_20200328_132149.jpg,laptop
Copy of IMG_20200328_132151.jpg,laptop mouse
Copy of IMG_20200328_132156.jpg,mouse laptop
Copy of IMG_20200328_134825.jpg,mobile
Copy of IMG_20200328_134847.jpg,mobile
Copy of IMG_20200328_134852.jpg,mobile
Copy of IMG_20200328_134903.jpg,mobile
Copy of IMG_20200328_134906.jpg,mobile
Copy of IMG_20200328_135222.jpg,mobile
Copy of IMG_20200328_135224.jpg,mobile
Copy of IMG_20200328_135230.jpg,mobile
Copy of IMG_20200328_135237.jpg,mobile
Copy of IMG_20200328_135240.jpg,mobile
Copy of IMG_20200328_135302.jpg,mobile
Copy of IMG_20200328_135306.jpg,mobile
Copy of IMG_20200328_135312.jpg,mobile
Copy of IMG_20200328_135435.jpg,mobile
Copy of IMG_20200328_135457.jpg,mobile
Copy of IMG_20200328_135503.jpg,mobile
Copy of IMG_20200328_135507.jpg,mobile
Copy of IMG_20200328_135512.jpg,mobile
Copy of IMG_20200328_140053.jpg,mobile
Copy of IMG_20200328_140056.jpg,mobile
Copy of IMG_20200328_140104.jpg,mobile mobile
Copy of IMG_20200328_140107.jpg,mobile mobile
Copy of IMG_20200328_140109.jpg,mobile mobile
Copy of IMG_20200328_140112.jpg,mobile mobile
Copy of IMG_20200328_140115.jpg,mobile mobile
Copy of IMG_20200328_140117.jpg,mobile mobile
Copy of IMG_20200328_140124.jpg,mobile
Copy of IMG_20200328_214915.jpg,monitor
Copy of IMG_20200328_214955.jpg,keyboard
Copy of IMG_20200328_215002.jpg,keyboard
Copy of IMG_20200328_215102.jpg,mobile
Copy of IMG_20200328_215107.jpg,mobile
Copy of IMG_20200328_215110.jpg,mobile
Copy of IMG_20200328_215118.jpg,mobile
Copy of IMG_20200328_221548.jpg,monitor
Copy of IMG_20200328_221604.jpg,monitor
Copy of IMG_20200328_221613.jpg,laptop
Copy of IMG_20200328_221622.jpg,monitor
Copy of IMG_20200328_221651.jpg,monitor
Copy of IMG_20200328_221706.jpg,monitor
Copy of IMG_20200328_221715.jpg,monitor
Copy of IMG_20200328_222043.jpg,mobile
Copy of IMG_20200328_222053.jpg,mobile
Copy of IMG_20200328_222058.jpg,mobile
Copy of IMG_20200328_222105.jpg,mobile
Copy of IMG_20200328_222123.jpg,mobile
IMG-20200328-WA0024.jpg,laptop
IMG-20200328-WA0025.jpg,laptop
IMG-20200328-WA0026.jpg,laptop
IMG-20200328-WA0027.jpg,laptop
IMG-20200328-WA0028.jpg,laptop
IMG-20200328-WA0029.jpg,laptop
IMG-20200328-WA0030(1).jpg,mobile
IMG-20200328-WA0030.jpg,mobile
IMG-20200328-WA0031.jpg,mobile
IMG-20200328-WA0032.jpg,mobile
IMG-20200328-WA0033.jpg,mobile
IMG-20200328-WA0034.jpg,mobile
IMG-20200328-WA0037.jpg,mobile
IMG-20200328-WA0039.jpg,mobile
IMG-20200328-WA0040.jpg,mobile
IMG-20200328-WA0041.jpg,mouse
IMG-20200328-WA0042.jpg,mouse
IMG-20200328-WA0043.jpg,mouse
IMG-20200328-WA0044.jpg,mobile
IMG-20200328-WA0045.jpg,mobile
IMG-20200328-WA0046.jpg,mobile
IMG-20200328-WA0047.jpg,mobile
IMG-20200328-WA0048(1).jpg,mobile
IMG-20200328-WA0049.jpg,mobile
IMG-20200329-WA0066.jpg,monitor
IMG-20200329-WA0067.jpg,monitor
IMG-20200329-WA0068.jpg,monitor
IMG-20200329-WA0069.jpg,monitor
IMG-20200329-WA0070.jpg,monitor
IMG-20200329-WA0071.jpg,monitor
IMG-20200329-WA0072.jpg,keyboard
IMG-20200329-WA0073.jpg,keyboard
IMG-20200329-WA0074.jpg,mouse
IMG-20200329-WA0075.jpg,mouse
IMG-20200329-WA0076.jpg,keyboard mouse
IMG-20200329-WA0077.jpg,mouse keyboard
IMG-20200329-WA0078.jpg,keyboard mouse monitor
IMG_20190211_195144.jpg,bottle
IMG_20190211_195203.jpg,bottle
IMG_20190211_195304.jpg,bottle
IMG_20190211_195311.jpg,bottle
IMG_20190211_195323.jpg,bottle
IMG_20190211_195330.jpg,bottle
IMG_20190211_195336.jpg,bottle
IMG_20190211_195411.jpg,bottle
IMG_20190211_195417.jpg,bottle
IMG_20190211_195428.jpg,bottle
IMG_20190211_195437.jpg,bottle
IMG_20190211_195440.jpg,bottle
IMG_20190211_195445.jpg,bottle
IMG_20190211_195510.jpg,bottle
IMG_20190211_195517.jpg,bottle
IMG_20190211_195528.jpg,bottle
IMG_20190211_195541.jpg,bottle
IMG_20190211_195619.jpg,bottle
IMG_20190211_195623.jpg,bottle
IMG_20190211_195640.jpg,bottle
IMG_20190211_195643.jpg,bottle
IMG_20190211_195653.jpg,bottle
IMG_20190211_195710.jpg,bottle
IMG_20190211_195740.jpg,bottle
IMG_20190211_195756.jpg,bottle
IMG_20190211_195804.jpg,bottle
IMG_20190211_195813.jpg,bottle
IMG_20190211_195818.jpg,bottle
IMG_20190211_195824.jpg,bottle
IMG_20190211_195829.jpg,bottle
IMG_20190211_195835.jpg,bottle
IMG_20190211_195842.jpg,bottle
IMG_20190211_211014.jpg,bottle
IMG_20190211_211021.jpg,bottle
IMG_20190211_211027.jpg,bottle
IMG_20190211_211033.jpg,bottle
IMG_20190211_211051.jpg,bottle
IMG_20190211_211103.jpg,bottle
IMG_20190211_211106.jpg,bottle
IMG_20190211_211118.jpg,bottle
IMG_20190211_211542.jpg,bottle
IMG_20190211_211549.jpg,bottle
IMG_20190211_211551.jpg,bottle
IMG_20190211_211553.jpg,bottle
IMG_20190211_211559.jpg,bottle
IMG_20190211_211605.jpg,bottle
IMG_20190211_211608.jpg,bottle
IMG_20190211_211612.jpg,bottle
IMG_20190211_211617.jpg,bottle
IMG_20190211_211620.jpg,bottle
IMG_20190211_211623.jpg,bottle
IMG_20190211_211635.jpg,bottle bottle bottle
IMG_20190211_211642.jpg,bottle bottle bottle
IMG_20190211_211654.jpg,bottle bottle bottle
IMG_20190211_211704.jpg,bottle bottle bottle
IMG_20190211_211706.jpg,bottle bottle bottle
IMG_20190211_211709.jpg,bottle bottle bottle
IMG_20190211_211711.jpg,bottle bottle bottle
IMG_20190211_211715.jpg,bottle bottle bottle
IMG_20190211_211717.jpg,bottle bottle bottle
IMG_20190211_211719.jpg,bottle bottle bottle
IMG_20190211_211724.jpg,bottle bottle bottle
IMG_20190211_211739.jpg,bottle bottle bottle
IMG_20190211_211743.jpg,bottle bottle bottle
IMG_20190211_211754.jpg,bottle bottle bottle
IMG_20190211_211757.jpg,bottle bottle bottle
IMG_20190211_211759.jpg,bottle bottle bottle
IMG_20190211_211802.jpg,bottle bottle bottle
IMG_20190211_211804.jpg,bottle bottle bottle
IMG_20190211_211807.jpg,bottle bottle
IMG_20190211_211810.jpg,bottle bottle bottle
IMG_20190211_211819.jpg,bottle bottle bottle
IMG_20190211_211824.jpg,bottle bottle bottle
IMG_20190211_211835.jpg,bottle bottle bottle
IMG_20190211_211848.jpg,bottle bottle bottle
IMG_20190211_211850.jpg,bottle bottle bottle
IMG_20190211_211856.jpg,bottle bottle bottle
IMG_20190211_211907.jpg,bottle bottle bottle
IMG_20190211_211908.jpg,bottle bottle bottle
IMG_20190211_211909.jpg,bottle bottle
IMG_20190211_211911.jpg,bottle bottle
IMG_20190211_211913.jpg,bottle bottle bottle
IMG_20190211_211913_01.jpg,bottle bottle
IMG_20190211_211920.jpg,bottle
IMG_20190211_211922.jpg,bottle
IMG_20190211_211924.jpg,bottle bottle
IMG_20190211_211930.jpg,bottle bottle
IMG_20190211_211933.jpg,bottle bottle
IMG_20190211_211935.jpg,bottle
IMG_20190211_211941.jpg,bottle bottle
IMG_20190211_212004.jpg,bottle bottle
IMG_20190211_212009.jpg,bottle bottle bottle
IMG_20190211_212013.jpg,bottle bottle
IMG_20190211_212015.jpg,bottle bottle
IMG_20190211_212018.jpg,bottle bottle
IMG_20190211_212114.jpg,bottle bottle
IMG_20190211_212118.jpg,bottle bottle bottle
IMG_20190211_212124.jpg,bottle
IMG_20190211_212127.jpg,bottle
IMG_20190211_212130.jpg,bottle bottle
IMG_20190212_213839.jpg,bottle
IMG_20190212_213851.jpg,bottle
IMG_20190212_213854.jpg,bottle
IMG_20190212_213913.jpg,bottle
IMG_20190212_213917.jpg,bottle
IMG_20190212_213920.jpg,bottle
IMG_20190212_213925.jpg,bottle
IMG_20190212_213929.jpg,bottle
IMG_20190212_213931.jpg,bottle
IMG_20190212_213935.jpg,bottle
IMG_20190212_214037.jpg,bottle
IMG_20190212_214043.jpg,bottle
IMG_20190212_214046.jpg,bottle
IMG_20190212_214051.jpg,bottle
IMG_20190212_214057.jpg,bottle
IMG_20190212_214104.jpg,bottle
IMG_20190212_214109.jpg,bottle
IMG_20190212_214113.jpg,bottle
IMG_20190212_214117.jpg,bottle
IMG_20190212_214120.jpg,bottle
IMG_20190212_214133.jpg,bottle
IMG_20190212_214136.jpg,bottle
IMG_20190212_214137.jpg,bottle
IMG_20190212_214141.jpg,bottle
IMG_20190212_214146.jpg,bottle
IMG_20190212_214151.jpg,bottle
IMG_20190212_214154.jpg,bottle
IMG_20190212_214158.jpg,bottle bottle
IMG_20190212_214207.jpg,bottle bottle
IMG_20190212_214211.jpg,bottle bottle
IMG_20190212_214214.jpg,bottle bottle
IMG_20190212_214218.jpg,bottle
IMG_20190212_214227.jpg,bottle bottle
IMG_20190212_214231.jpg,bottle bottle
IMG_20190212_214234.jpg,bottle bottle
IMG_20190212_214240.jpg,bottle bottle
IMG_20190212_214242.jpg,bottle bottle
IMG_20190212_214259.jpg,bottle bottle
IMG_20190212_214301.jpg,bottle bottle
IMG_20190212_214303.jpg,bottle bottle
IMG_20190212_214309.jpg,bottle bottle
IMG_20190212_214311.jpg,bottle bottle
IMG_20190212_214313.jpg,bottle bottle
IMG_20190212_214315.jpg,bottle bottle
IMG_20190212_214404.jpg,bottle bottle
IMG_20190212_214405.jpg,bottle bottle
IMG_20190212_214441.jpg,bottle
IMG_20190212_214446.jpg,bottle
IMG_20190212_214451.jpg,bottle
IMG_20190212_214452.jpg,bottle
IMG_20190212_214503.jpg,bottle
IMG_20190212_214507.jpg,bottle
IMG_20190212_214509.jpg,bottle
IMG_20190212_214514.jpg,bottle
IMG_20190212_214519.jpg,bottle
IMG_20190212_214523.jpg,bottle
IMG_20190212_214524.jpg,bottle
IMG_20190212_214529.jpg,bottle
IMG_20190212_214532.jpg,bottle
IMG_20190212_214541.jpg,bottle
IMG_20190212_214550.jpg,bottle
IMG_20190212_214558.jpg,bottle
IMG_20190212_214607.jpg,bottle
IMG_20190212_214612.jpg,bottle bottle
IMG_20190212_214615.jpg,bottle bottle
IMG_20190212_214617.jpg,bottle bottle
IMG_20190212_214620.jpg,bottle bottle
IMG_20190212_214628.jpg,bottle bottle
IMG_20190212_214635.jpg,bottle
IMG_20190212_214641.jpg,bottle bottle
IMG_20190212_214643.jpg,bottle bottle
IMG_20190212_214652.jpg,bottle
IMG_20190212_214654.jpg,bottle bottle
IMG_20190212_214702.jpg,bottle bottle
IMG_20190212_214706.jpg,bottle bottle
IMG_20190212_214710.jpg,bottle bottle
IMG_20190212_214714.jpg,bottle bottle
IMG_20190212_214717.jpg,bottle bottle
IMG_20190212_214721.jpg,bottle bottle
IMG_20190212_214728.jpg,bottle bottle
IMG_20190212_214732.jpg,bottle bottle
IMG_20200328_131159.jpg,laptop
IMG_20200328_131230.jpg,laptop
IMG_20200328_131236.jpg,laptop
IMG_20200328_131300.jpg,laptop
IMG_20200328_131316.jpg,laptop
IMG_20200328_131322.jpg,laptop
IMG_20200328_131329.jpg,laptop
IMG_20200328_131506.jpg,mobile
IMG_20200328_131510.jpg,mobile
IMG_20200328_131519.jpg,mobile
IMG_20200328_131600.jpg,mobile
IMG_20200328_131615.jpg,mobile
IMG_20200328_131708.jpg,mobile
IMG_20200328_131720.jpg,mobile
IMG_20200328_215102.jpg,mobile
IMG_20200328_215107.jpg,mobile
IMG_20200328_215110.jpg,mobile
IMG_20200329_142515.jpg,laptop laptop
IMG_20200329_142521.jpg,laptop laptop
IMG_20200329_142525.jpg,laptop laptop
IMG_20200329_142530.jpg,laptop laptop
IMG_20200329_142535.jpg,laptop laptop
IMG_20200329_142542.jpg,laptop laptop
IMG_20200329_142558.jpg,laptop laptop
IMG_20200329_142612.jpg,laptop laptop
IMG_20200329_142615.jpg,laptop laptop
IMG_20200329_142619(1).jpg,laptop laptop
IMG_20200329_142619.jpg,laptop laptop
IMG_20200329_142626.jpg,laptop laptop
IMG_20200329_142649.jpg,laptop laptop
IMG_20200329_142653.jpg,laptop laptop
IMG_20200329_142656.jpg,laptop laptop
IMG_20200329_142704.jpg,laptop laptop
IMG_20200329_142707.jpg,laptop laptop
IMG_20200329_142718.jpg,laptop laptop
IMG_20200329_142727.jpg,laptop laptop
IMG_20200329_142734.jpg,laptop laptop
IMG_20200329_142737.jpg,laptop laptop
IMG_20200329_142740.jpg,laptop laptop
IMG_20200329_142745.jpg,laptop laptop
IMG_20200329_142751.jpg,laptop laptop
IMG_20200329_142759.jpg,laptop laptop
IMG_20200329_152619.jpg,mobile mobile
IMG_20200329_152622.jpg,mobile mobile
IMG_20200329_152625.jpg,mobile mobile
IMG_20200329_152635.jpg,mobile mobile
IMG_20200329_152638.jpg,mobile mobile
IMG_20200329_152642.jpg,mobile mobile
IMG_20200329_152649.jpg,laptop mobile mobile
IMG_20200329_152654.jpg,mobile mobile laptop
IMG_20200329_152659.jpg,laptop mobile mobile
IMG_20200329_152704.jpg,laptop mobile mobile
IMG_20200329_152708.jpg,mobile mobile laptop
IMG_20200329_152720.jpg,laptop mobile mobile
IMG_20200329_152730.jpg,mobile mobile laptop
IMG_20200329_152734.jpg,laptop mobile mobile
IMG_20200329_152735.jpg,mobile mobile laptop
IMG_20200329_152741.jpg,laptop mobile mobile
IMG_20200329_152746.jpg,mobile mobile laptop
IMG_20200329_152752.jpg,laptop mobile mobile
IMG_20200329_152755.jpg,mobile mobile laptop
IMG_20200329_152800.jpg,laptop mobile mobile
IMG_20200329_152804.jpg,mobile mobile laptop
IMG_20200329_152836.jpg,laptop laptop mobile mobile
IMG_20200329_152840(1).jpg,mobile mobile laptop laptop
IMG_20200329_152844.jpg,laptop laptop mobile mobile
IMG_20200329_152857.jpg,mobile mobile laptop laptop
IMG_20200329_152858.jpg,laptop laptop mobile mobile
IMG_20200329_201009.jpg,mobile
IMG_20200329_201011.jpg,mobile
IMG_20200329_201015.jpg,mobile
IMG_20200329_201018.jpg,mobile
IMG_20200329_201042.jpg,laptop mouse
IMG_20200329_201047.jpg,mouse
IMG_20200329_201049.jpg,mouse
IMG_20200329_201051.jpg,mouse
IMG_20200329_201109.jpg,mobile
IMG_20200329_201113.jpg,mouse
IMG_20200329_201125.jpg,keyboard
IMG_20200329_201129.jpg,keyboard
IMG_20200329_201131.jpg,keyboard
